{"cameraMode":{"drawMode":0,"name":"Shaded","section":"Shading Mode"},"sceneLighting":false,"audioPlay":false,"sceneViewState":{"m_AlwaysRefresh":false,"showFog":true,"showSkybox":false,"showFlares":true,"showImageEffects":true,"showParticleSystems":true,"showVisualEffectGraphs":true,"m_FxEnabled":true},"in2DMode":false,"pivot":{"x":3.6999998092651369,"y":0.40000009536743166,"z":57.19599914550781},"rotation":{"x":0.3012467622756958,"y":0.0014303342904895545,"z":-0.0004518766363617033,"w":0.9535455107688904},"size":5.490811824798584,"orthographic":false}